event_id	generation	channels	size_bytes	historical_mtime	classification_append_index	metadata_seed_allowed
evt_000000	gen1_legacy	2	882044	May18 03:51	1	no
evt_000001	gen1_legacy	2	882044	May18 03:51	4	no
evt_000002	gen1_legacy	2	882044	May18 03:51	29	no
evt_000003	gen1_legacy	2	882044	May18 03:52	55	no
evt_000004	gen1_legacy	2	882044	May18 03:51	30	no
evt_000005	gen1_legacy	2	882044	May18 03:51	31	no
evt_000006	gen1_legacy	2	882044	May18 03:52	61	no
evt_000007	gen1_legacy	2	882044	May18 03:51	2	no
evt_000008	gen1_legacy	2	882044	May18 03:51	8	no
evt_000009	gen1_legacy	2	882044	May18 03:52	58	no
evt_000010	gen1_legacy	2	882044	May18 03:52	56	no
evt_000011	gen1_legacy	2	882044	May18 03:51	16	no
evt_000012	gen1_legacy	2	882044	May18 03:51	5	no
evt_000013	gen1_legacy	2	882044	May18 03:51	10	no
evt_000014	gen1_legacy	2	882044	May18 03:51	27	no
evt_000015	gen1_legacy	2	882044	May18 03:52	66	no
evt_000016	gen1_legacy	2	882044	May18 03:51	12	no
evt_000017	gen1_legacy	2	882044	May18 03:51	20	no
evt_000018	gen1_legacy	2	882044	May18 03:51	22	no
evt_000019	gen1_legacy	2	882044	May18 03:52	52	no
evt_000020	gen1_legacy	2	882044	May18 03:51	34	no
evt_000021	gen1_legacy	2	882044	May18 03:52	49	no
evt_000022	gen1_legacy	2	882044	May18 03:51	25	no
evt_000023	gen1_legacy	2	882044	May18 03:52	64	no
evt_000024	gen1_legacy	2	882044	May18 03:52	44	no
evt_000025	gen1_legacy	2	882044	May18 03:52	59	no
evt_000026	gen1_legacy	2	882044	May18 03:51	24	no
evt_000027	gen1_legacy	2	882044	May18 03:51	3	no
evt_000028	gen1_legacy	2	882044	May18 03:52	42	no
evt_000029	gen1_legacy	2	882044	May18 03:52	63	no
evt_000030	gen1_legacy	2	882044	May18 03:51	32	no
evt_000031	gen1_legacy	2	882044	May18 03:52	45	no
evt_000032	gen1_legacy	2	882044	May18 03:51	39	no
evt_000033	gen1_legacy	2	882044	May18 03:52	43	no
evt_000034	gen1_legacy	2	882044	May18 03:51	7	no
evt_000035	gen1_legacy	2	882044	May18 03:52	71	no
evt_000036	gen1_legacy	2	882044	May18 03:51	11	no
evt_000037	gen1_legacy	2	882044	May18 03:51	38	no
evt_000038	gen1_legacy	2	882044	May18 03:51	19	no
evt_000039	gen1_legacy	2	882044	May18 03:52	40	no
evt_000040	gen1_legacy	2	882044	May18 03:51	17	no
evt_000041	gen1_legacy	2	882044	May18 03:51	36	no
evt_000042	gen1_legacy	2	882044	May18 03:52	54	no
evt_000043	gen1_legacy	2	882044	May18 03:52	65	no
evt_000044	gen1_legacy	2	882044	May18 03:52	60	no
evt_000045	gen1_legacy	2	882044	May18 03:51	18	no
evt_000046	gen1_legacy	2	882044	May18 03:51	6	no
evt_000047	gen1_legacy	2	882044	May18 03:51	23	no
evt_000048	gen1_legacy	2	882044	May18 03:52	68	no
evt_000049	gen1_legacy	2	882044	May18 03:51	21	no
evt_000050	gen1_legacy	2	882044	May18 03:52	41	no
evt_000051	gen1_legacy	2	882044	May18 03:52	67	no
evt_000052	gen1_legacy	2	882044	May18 03:52	62	no
evt_000053	gen1_legacy	2	882044	May18 03:52	70	no
evt_000054	gen1_legacy	2	882044	May18 03:51	9	no
evt_000055	gen1_legacy	2	882044	May18 03:51	13	no
evt_000056	gen1_legacy	2	882044	May18 03:51	15	no
evt_000057	gen1_legacy	2	882044	May18 03:51	37	no
evt_000058	gen1_legacy	2	882044	May18 03:51	26	no
evt_000059	gen1_legacy	2	882044	May18 03:51	14	no
evt_000060	gen1_legacy	2	882044	May18 03:51	33	no
evt_000061	gen1_legacy	2	882044	May18 03:52	50	no
evt_000062	gen1_legacy	2	882044	May18 03:51	28	no
evt_000063	gen1_legacy	2	882044	May18 03:52	47	no
evt_000064	gen1_legacy	2	882044	May18 03:52	69	no
evt_000065	gen1_legacy	2	882044	May18 03:51	35	no
evt_000066	gen1_legacy	2	882044	May18 03:52	48	no
evt_000067	gen1_legacy	2	882044	May18 03:52	51	no
evt_000068	gen1_legacy	2	882044	May18 03:52	57	no
evt_000069	gen1_legacy	2	882044	May18 03:52	53	no
evt_000070	gen1_legacy	2	882044	May18 03:52	46	no
evt_000071	gen2_legacy	2	882044	May18 04:26	371	no
evt_000072	gen2_legacy	2	882044	May18 04:24	220	no
evt_000074	gen3_current801	2	882044	May18 09:58	639	yes
evt_000075	gen2_legacy	2	882044	May18 04:24	227	no
evt_000076	gen2_legacy	2	882044	May18 04:23	105	no
evt_000077	gen2_legacy	2	882044	May18 04:23	112	no
evt_000078	gen2_legacy	2	882044	May18 04:23	156	no
evt_000079	gen2_legacy	2	882044	May18 04:23	153	no
evt_000080	gen2_legacy	2	882044	May18 04:25	288	no
evt_000081	gen2_legacy	2	882044	May18 04:24	192	no
evt_000082	gen3_current801	2	882044	May18 09:59	667	yes
evt_000085	gen2_legacy	2	882044	May18 04:23	173	no
evt_000086	gen2_legacy	2	882044	May18 04:25	285	no
evt_000087	gen2_legacy	2	882044	May18 04:24	199	no
evt_000090	gen3_current801	2	882044	May18 09:57	567	yes
evt_000091	gen3_current801	2	882044	May18 09:58	624	yes
evt_000092	gen2_legacy	2	882044	May18 04:24	223	no
evt_000093	gen2_legacy	2	882044	May18 04:25	267	no
evt_000094	gen2_legacy	2	882044	May18 04:25	270	no
evt_000095	gen2_legacy	2	882044	May18 04:24	215	no
evt_000096	gen2_legacy	2	882044	May18 04:25	309	no
evt_000097	gen2_legacy	2	882044	May18 04:24	252	no
evt_000098	gen2_legacy	2	882044	May18 04:23	177	no
evt_000099	gen2_legacy	2	882044	May18 04:25	268	no
evt_000101	gen2_legacy	2	882044	May18 04:24	185	no
evt_000102	gen2_legacy	2	882044	May18 04:24	207	no
evt_000103	gen2_legacy	2	882044	May18 04:23	162	no
evt_000104	gen2_legacy	2	882044	May18 04:23	148	no
evt_000105	gen2_legacy	2	882044	May18 04:23	174	no
evt_000106	gen2_legacy	2	882044	May18 04:25	318	no
evt_000107	gen2_legacy	2	882044	May18 04:23	126	no
evt_000108	gen3_current801	2	882044	May18 09:58	595	yes
evt_000111	gen3_current801	2	882044	May18 09:57	574	yes
evt_000112	gen2_legacy	2	882044	May18 04:23	161	no
evt_000113	gen2_legacy	2	882044	May18 04:24	256	no
evt_000114	gen2_legacy	2	882044	May18 04:24	204	no
evt_000116	gen3_current801	2	882044	May18 09:58	650	yes
evt_000117	gen2_legacy	2	882044	May18 04:24	222	no
evt_000118	gen2_legacy	2	882044	May18 04:24	209	no
evt_000119	gen2_legacy	2	882044	May18 04:24	229	no
evt_000122	gen2_legacy	2	882044	May18 04:25	337	no
evt_000123	gen3_current801	2	882044	May18 09:58	614	yes
evt_000124	gen2_legacy	2	882044	May18 04:25	311	no
evt_000127	gen2_legacy	2	882044	May18 04:24	194	no
evt_000128	gen2_legacy	2	882044	May18 04:23	165	no
evt_000129	gen2_legacy	2	882044	May18 04:24	191	no
evt_000130	gen2_legacy	2	882044	May18 04:26	351	no
evt_000131	gen2_legacy	2	882044	May18 04:25	257	no
evt_000132	gen2_legacy	2	882044	May18 04:24	188	no
evt_000134	gen3_current801	2	882044	May18 09:57	511	yes
evt_000136	gen2_legacy	2	882044	May18 04:23	149	no
evt_000138	gen3_current801	2	882044	May18 09:56	471	yes
evt_000143	gen3_current801	2	882044	May18 09:57	504	yes
evt_000146	gen2_legacy	2	882044	May18 04:24	254	no
evt_000147	gen3_current801	2	882044	May18 09:56	424	yes
evt_000148	gen3_current801	2	882044	May18 09:56	463	yes
evt_000149	gen2_legacy	2	882044	May18 04:25	283	no
evt_000150	gen2_legacy	2	882044	May18 04:26	369	no
evt_000151	gen2_legacy	2	882044	May18 04:24	195	no
evt_000154	gen2_legacy	2	882044	May18 04:25	263	no
evt_000155	gen3_current801	2	882044	May18 09:57	506	yes
evt_000157	gen3_current801	2	882044	May18 09:58	625	yes
evt_000159	gen3_current801	2	882044	May18 09:56	495	yes
evt_000160	gen3_current801	2	882044	May18 09:57	521	yes
evt_000166	gen3_current801	2	882044	May18 09:58	590	yes
evt_000167	gen3_current801	2	882044	May18 09:58	606	yes
evt_000171	gen3_current801	2	882044	May18 09:58	627	yes
evt_000172	gen3_current801	2	882044	May18 09:58	607	yes
evt_000176	gen2_legacy	2	882044	May18 04:25	313	no
evt_000177	gen3_current801	2	882044	May18 09:57	532	yes
evt_000179	gen3_current801	2	882044	May18 09:57	497	yes
evt_000180	gen3_current801	2	882044	May18 09:58	588	yes
evt_000181	gen3_current801	2	882044	May18 09:58	589	yes
evt_000182	gen2_legacy	2	882044	May18 04:26	359	no
evt_000185	gen3_current801	2	882044	May18 09:58	656	yes
evt_000186	gen3_current801	2	882044	May18 09:58	603	yes
evt_000187	gen3_current801	2	882044	May18 09:58	648	yes
evt_000188	gen3_current801	2	882044	May18 09:58	645	yes
evt_000189	gen2_legacy	2	882044	May18 04:25	260	no
evt_000192	gen3_current801	2	882044	May18 09:58	613	yes
evt_000196	gen3_current801	2	882044	May18 09:56	493	yes
evt_000200	gen2_legacy	2	882044	May18 04:25	324	no
evt_000201	gen3_current801	2	882044	May18 09:56	464	yes
evt_000202	gen3_current801	2	882044	May18 09:58	597	yes
evt_000203	gen3_current801	2	882044	May18 09:55	387	yes
evt_000204	gen2_legacy	2	882044	May18 04:23	158	no
evt_000205	gen3_current801	2	882044	May18 09:57	524	yes
evt_000206	gen2_legacy	2	882044	May18 04:23	170	no
evt_000207	gen3_current801	2	882044	May18 09:56	436	yes
evt_000208	gen3_current801	2	882044	May18 09:56	494	yes
evt_000210	gen2_legacy	2	882044	May18 04:23	175	no
evt_000211	gen3_current801	2	882044	May18 09:58	580	yes
evt_000212	gen3_current801	2	882044	May18 09:55	376	yes
evt_000214	gen3_current801	2	882044	May18 09:55	375	yes
evt_000215	gen3_current801	2	882044	May18 09:56	460	yes
evt_000217	gen3_current801	2	882044	May18 09:57	518	yes
evt_000220	gen2_legacy	2	882044	May18 04:23	155	no
evt_000224	gen2_legacy	2	882044	May18 04:24	221	no
evt_000226	gen3_current801	2	882044	May18 09:56	487	yes
evt_000227	gen3_current801	2	882044	May18 09:56	418	yes
evt_000231	gen3_current801	2	882044	May18 09:56	475	yes
evt_000232	gen3_current801	2	882044	May18 09:56	453	yes
evt_000234	gen3_current801	2	882044	May18 09:57	552	yes
evt_000235	gen2_legacy	2	882044	May18 04:24	238	no
evt_000236	gen3_current801	2	882044	May18 09:57	577	yes
evt_000237	gen2_legacy	2	882044	May18 04:25	335	no
evt_000238	gen3_current801	2	882044	May18 09:59	671	yes
evt_000240	gen2_legacy	2	882044	May18 04:26	343	no
evt_000243	gen2_legacy	2	882044	May18 04:25	332	no
evt_000249	gen3_current801	2	882044	May18 09:58	636	yes
evt_000250	gen3_current801	2	882044	May18 09:57	516	yes
evt_000251	gen3_current801	2	882044	May18 09:56	467	yes
evt_000252	gen3_current801	2	882044	May18 09:55	381	yes
evt_000254	gen2_legacy	2	882044	May18 04:23	125	no
evt_000256	gen3_current801	2	882044	May18 09:57	569	yes
evt_000258	gen3_current801	2	882044	May18 09:57	526	yes
evt_000260	gen2_legacy	2	882044	May18 04:23	114	no
evt_000261	gen3_current801	2	882044	May18 09:58	610	yes
evt_000262	gen3_current801	2	882044	May18 09:58	591	yes
evt_000263	gen2_legacy	2	882044	May18 04:23	132	no
evt_000264	gen2_legacy	2	882044	May18 04:23	134	no
evt_000265	gen2_legacy	2	882044	May18 04:23	152	no
evt_000266	gen2_legacy	2	882044	May18 04:23	104	no
evt_000267	gen2_legacy	2	882044	May18 04:26	347	no
evt_000268	gen3_current801	2	882044	May18 09:56	448	yes
evt_000269	gen2_legacy	2	882044	May18 04:23	101	no
evt_000270	gen2_legacy	2	882044	May18 04:25	282	no
evt_000271	gen2_legacy	2	882044	May18 04:25	334	no
evt_000273	gen2_legacy	2	882044	May18 04:23	172	no
evt_000277	gen3_current801	2	882044	May18 09:58	651	yes
evt_000278	gen3_current801	2	882044	May18 09:59	661	yes
evt_000279	gen2_legacy	2	882044	May18 04:24	255	no
evt_000280	gen3_current801	2	882044	May18 09:56	449	yes
evt_000281	gen3_current801	2	882044	May18 09:57	499	yes
evt_000282	gen2_legacy	2	882044	May18 04:23	102	no
evt_000283	gen2_legacy	2	882044	May18 04:25	266	no
evt_000285	gen2_legacy	2	882044	May18 04:23	137	no
evt_000286	gen3_current801	2	882044	May18 09:57	520	yes
evt_000287	gen2_legacy	2	882044	May18 04:26	360	no
evt_000291	gen2_legacy	2	882044	May18 04:25	329	no
evt_000292	gen3_current801	2	882044	May18 09:58	643	yes
evt_000293	gen2_legacy	2	882044	May18 04:25	284	no
evt_000294	gen3_current801	2	882044	May18 09:57	553	yes
evt_000295	gen2_legacy	2	882044	May18 04:26	355	no
evt_000297	gen3_current801	2	882044	May18 09:56	489	yes
evt_000298	gen3_current801	2	882044	May18 09:59	662	yes
evt_000299	gen3_current801	2	882044	May18 09:57	558	yes
evt_000302	gen3_current801	2	882044	May18 09:57	570	yes
evt_000303	gen2_legacy	2	882044	May18 04:23	127	no
evt_000304	gen2_legacy	2	882044	May18 04:25	319	no
evt_000306	gen3_current801	2	882044	May18 09:58	659	yes
evt_000307	gen3_current801	2	882044	May18 09:57	539	yes
evt_000308	gen3_current801	2	882044	May18 09:56	431	yes
evt_000309	gen3_current801	2	882044	May18 09:56	451	yes
evt_000310	gen3_current801	2	882044	May18 09:57	500	yes
evt_000311	gen3_current801	2	882044	May18 09:56	443	yes
evt_000312	gen2_legacy	2	882044	May18 04:23	139	no
evt_000313	gen3_current801	2	882044	May18 09:57	501	yes
evt_000314	gen2_legacy	2	882044	May18 04:23	160	no
evt_000316	gen2_legacy	2	882044	May18 04:24	244	no
evt_000317	gen3_current801	2	882044	May18 09:55	414	yes
evt_000318	gen3_current801	2	882044	May18 09:57	503	yes
evt_000320	gen3_current801	2	882044	May18 09:58	635	yes
evt_000322	gen3_current801	2	882044	May18 09:56	480	yes
evt_000323	gen3_current801	2	882044	May18 09:56	466	yes
evt_000324	gen3_current801	2	882044	May18 09:58	641	yes
evt_000327	gen3_current801	2	882044	May18 09:57	575	yes
evt_000329	gen3_current801	2	882044	May18 09:58	654	yes
evt_000330	gen3_current801	2	882044	May18 09:58	646	yes
evt_000332	gen2_legacy	2	882044	May18 04:23	146	no
evt_000333	gen3_current801	2	882044	May18 09:55	403	yes
evt_000334	gen2_legacy	2	882044	May18 04:24	241	no
evt_000336	gen3_current801	2	882044	May18 09:59	663	yes
evt_000338	gen2_legacy	2	882044	May18 04:25	333	no
evt_000340	gen3_current801	2	882044	May18 09:58	609	yes
evt_000341	gen3_current801	2	882044	May18 09:56	465	yes
evt_000343	gen3_current801	2	882044	May18 09:57	515	yes
evt_000344	gen3_current801	2	882044	May18 09:56	456	yes
evt_000346	gen2_legacy	2	882044	May18 04:25	301	no
evt_000348	gen3_current801	2	882044	May18 09:55	380	yes
evt_000349	gen2_legacy	2	882044	May18 04:25	327	no
evt_000350	gen2_legacy	2	882044	May18 04:26	346	no
evt_000351	gen3_current801	2	882044	May18 09:55	372	yes
evt_000352	gen3_current801	2	882044	May18 09:58	600	yes
evt_000354	gen2_legacy	2	882044	May18 04:25	331	no
evt_000355	gen2_legacy	2	882044	May18 04:25	320	no
evt_000357	gen2_legacy	2	882044	May18 04:26	342	no
evt_000358	gen3_current801	2	882044	May18 09:58	582	yes
evt_000359	gen3_current801	2	882044	May18 09:59	660	yes
evt_000360	gen3_current801	2	882044	May18 09:57	561	yes
evt_000363	gen3_current801	2	882044	May18 09:58	585	yes
evt_000364	gen2_legacy	2	882044	May18 04:26	365	no
evt_000366	gen2_legacy	2	882044	May18 04:25	273	no
evt_000368	gen2_legacy	2	882044	May18 04:24	235	no
evt_000369	gen2_legacy	2	882044	May18 04:26	370	no
evt_000370	gen3_current801	2	882044	May18 09:56	461	yes
evt_000372	gen3_current801	2	882044	May18 09:57	548	yes
evt_000373	gen3_current801	2	882044	May18 09:56	444	yes
evt_000374	gen3_current801	2	882044	May18 09:56	477	yes
evt_000375	gen2_legacy	2	882044	May18 04:25	295	no
evt_000376	gen3_current801	2	882044	May18 09:57	545	yes
evt_000378	gen3_current801	2	882044	May18 09:56	462	yes
evt_000379	gen3_current801	2	882044	May18 09:56	419	yes
evt_000380	gen3_current801	2	882044	May18 09:58	578	yes
evt_000381	gen3_current801	2	882044	May18 09:55	398	yes
evt_000382	gen3_current801	2	882044	May18 09:55	390	yes
evt_000385	gen3_current801	2	882044	May18 09:58	655	yes
evt_000386	gen3_current801	2	882044	May18 09:59	665	yes
evt_000387	gen3_current801	2	882044	May18 09:56	473	yes
evt_000388	gen3_current801	2	882044	May18 09:57	560	yes
evt_000389	gen3_current801	2	882044	May18 09:55	399	yes
evt_000390	gen3_current801	2	882044	May18 09:57	536	yes
evt_000393	gen2_legacy	2	882044	May18 04:25	336	no
evt_000394	gen3_current801	2	882044	May18 09:56	432	yes
evt_000395	gen3_current801	2	882044	May18 09:55	409	yes
evt_000396	gen3_current801	2	882044	May18 09:58	657	yes
evt_000398	gen3_current801	2	882044	May18 09:56	470	yes
evt_000399	gen2_legacy	2	882044	May18 04:25	265	no
evt_000401	gen3_current801	2	882044	May18 09:58	611	yes
evt_000402	gen3_current801	2	882044	May18 09:58	598	yes
evt_000403	gen3_current801	2	882044	May18 09:56	445	yes
evt_000404	gen3_current801	2	882044	May18 09:56	429	yes
evt_000405	gen2_legacy	2	882044	May18 04:25	272	no
evt_000406	gen2_legacy	2	882044	May18 04:25	325	no
evt_000407	gen3_current801	2	882044	May18 09:57	505	yes
evt_000409	gen3_current801	2	882044	May18 09:56	452	yes
evt_000410	gen3_current801	2	882044	May18 09:56	423	yes
evt_000411	gen3_current801	2	882044	May18 09:56	481	yes
evt_000412	gen3_current801	2	882044	May18 09:57	541	yes
evt_000413	gen2_legacy	2	882044	May18 04:25	304	no
evt_000416	gen3_current801	2	882044	May18 09:56	492	yes
evt_000417	gen2_legacy	2	882044	May18 04:25	279	no
evt_000418	gen3_current801	2	882044	May18 09:57	573	yes
evt_000419	gen3_current801	2	882044	May18 09:56	430	yes
evt_000420	gen3_current801	2	882044	May18 09:57	517	yes
evt_000421	gen3_current801	2	882044	May18 09:58	638	yes
evt_000422	gen3_current801	2	882044	May18 09:57	563	yes
evt_000423	gen3_current801	2	882044	May18 09:56	417	yes
evt_000425	gen3_current801	2	882044	May18 09:56	468	yes
evt_000427	gen3_current801	2	882044	May18 09:55	389	yes
evt_000429	gen3_current801	2	882044	May18 09:59	664	yes
evt_000430	gen2_legacy	2	882044	May18 04:26	353	no
evt_000431	gen2_legacy	2	882044	May18 04:23	168	no
evt_000432	gen3_current801	2	882044	May18 09:56	420	yes
evt_000435	gen3_current801	2	882044	May18 09:58	637	yes
evt_000436	gen3_current801	2	882044	May18 09:56	484	yes
evt_000437	gen3_current801	2	882044	May18 09:55	383	yes
evt_000440	gen3_current801	2	882044	May18 09:58	626	yes
evt_000441	gen3_current801	2	882044	May18 09:55	410	yes
evt_000442	gen3_current801	2	882044	May18 09:57	542	yes
evt_000443	gen2_legacy	2	882044	May18 04:25	293	no
evt_000444	gen3_current801	2	882044	May18 09:57	576	yes
evt_000446	gen3_current801	2	882044	May18 09:55	407	yes
evt_000447	gen2_legacy	2	882044	May18 04:25	323	no
evt_000448	gen3_current801	2	882044	May18 09:56	472	yes
evt_000450	gen3_current801	2	882044	May18 09:56	485	yes
evt_000451	gen3_current801	2	882044	May18 09:56	434	yes
evt_000452	gen2_legacy	2	882044	May18 04:25	275	no
evt_000454	gen3_current801	2	882044	May18 09:57	564	yes
evt_000455	gen3_current801	2	882044	May18 09:57	519	yes
evt_000456	gen2_legacy	2	882044	May18 04:24	242	no
evt_000457	gen2_legacy	2	882044	May18 04:24	232	no
evt_000458	gen3_current801	2	882044	May18 09:58	586	yes
evt_000459	gen3_current801	2	882044	May18 09:55	393	yes
evt_000462	gen3_current801	2	882044	May18 09:55	395	yes
evt_000463	gen3_current801	2	882044	May18 09:56	496	yes
evt_000465	gen2_legacy	2	882044	May18 04:25	259	no
evt_000466	gen2_legacy	2	882044	May18 04:24	243	no
evt_000468	gen2_legacy	2	882044	May18 04:24	240	no
evt_000470	gen2_legacy	2	882044	May18 04:25	302	no
evt_000471	gen2_legacy	2	882044	May18 04:25	316	no
evt_000472	gen2_legacy	2	882044	May18 04:24	179	no
evt_000473	gen3_current801	2	882044	May18 09:56	482	yes
evt_000474	gen2_legacy	2	882044	May18 04:25	310	no
evt_000475	gen2_legacy	2	882044	May18 04:25	287	no
evt_000476	gen3_current801	2	882044	May18 09:56	439	yes
evt_000477	gen3_current801	2	882044	May18 09:58	596	yes
evt_000479	gen3_current801	2	882044	May18 09:56	490	yes
evt_000480	gen2_legacy	2	882044	May18 04:25	322	no
evt_000481	gen2_legacy	2	882044	May18 04:25	308	no
evt_000482	gen2_legacy	2	882044	May18 04:23	176	no
evt_000483	gen2_legacy	2	882044	May18 04:25	321	no
evt_000484	gen3_current801	2	882044	May18 09:56	478	yes
evt_000485	gen2_legacy	2	882044	May18 04:24	225	no
evt_000486	gen3_current801	2	882044	May18 09:58	623	yes
evt_000487	gen3_current801	2	882044	May18 09:55	385	yes
evt_000488	gen3_current801	2	882044	May18 09:55	391	yes
evt_000489	gen3_current801	2	882044	May18 09:55	373	yes
evt_000490	gen3_current801	2	882044	May18 09:56	435	yes
evt_000492	gen2_legacy	2	882044	May18 04:24	182	no
evt_000493	gen2_legacy	2	882044	May18 04:25	296	no
evt_000494	gen3_current801	2	882044	May18 09:57	531	yes
evt_000495	gen3_current801	2	882044	May18 09:58	652	yes
evt_000497	gen2_legacy	2	882044	May18 04:25	276	no
evt_000498	gen2_legacy	2	882044	May18 04:26	366	no
evt_000499	gen3_current801	2	882044	May18 09:57	551	yes
evt_000500	gen3_current801	2	882044	May18 09:57	528	yes
evt_000501	gen2_legacy	2	882044	May18 04:24	233	no
evt_000502	gen2_legacy	2	882044	May18 04:25	274	no
evt_000503	gen3_current801	2	882044	May18 09:57	502	yes
evt_000504	gen3_current801	2	882044	May18 09:58	620	yes
evt_000505	gen3_current801	2	882044	May18 09:57	527	yes
evt_000506	gen3_current801	2	882044	May18 09:56	421	yes
evt_000507	gen3_current801	2	882044	May18 09:55	413	yes
evt_000508	gen2_legacy	2	882044	May18 04:23	129	no
evt_000509	gen2_legacy	2	882044	May18 04:26	350	no
evt_000510	gen3_current801	2	882044	May18 09:58	608	yes
evt_000511	gen3_current801	2	882044	May18 09:57	543	yes
evt_000512	gen3_current801	2	882044	May18 09:59	666	yes
evt_000513	gen2_legacy	2	882044	May18 04:24	228	no
evt_000514	gen3_current801	2	882044	May18 09:57	546	yes
evt_000515	gen3_current801	2	882044	May18 09:56	438	yes
evt_000519	gen3_current801	2	882044	May18 09:58	593	yes
evt_000520	gen2_legacy	2	882044	May18 04:24	213	no
evt_000521	gen2_legacy	2	882044	May18 04:24	217	no
evt_000522	gen2_legacy	2	882044	May18 04:23	159	no
evt_000523	gen2_legacy	2	882044	May18 04:24	178	no
evt_000524	gen3_current801	2	882044	May18 09:56	474	yes
evt_000525	gen2_legacy	2	882044	May18 04:25	291	no
evt_000529	gen3_current801	2	882044	May18 09:58	602	yes
evt_000530	gen3_current801	2	882044	May18 09:57	540	yes
evt_000533	gen3_current801	2	882044	May18 09:56	440	yes
evt_000534	gen2_legacy	2	882044	May18 04:25	258	no
evt_000535	gen3_current801	2	882044	May18 09:56	457	yes
evt_000537	gen3_current801	2	882044	May18 09:56	433	yes
evt_000538	gen2_legacy	2	882044	May18 04:24	237	no
evt_000540	gen2_legacy	2	882044	May18 04:24	181	no
evt_000541	gen2_legacy	2	882044	May18 04:24	208	no
evt_000542	gen2_legacy	2	882044	May18 04:23	147	no
evt_000544	gen2_legacy	2	882044	May18 04:24	206	no
evt_000545	gen2_legacy	2	882044	May18 04:25	278	no
evt_000546	gen3_current801	2	882044	May18 09:58	658	yes
evt_000547	gen2_legacy	2	882044	May18 04:25	264	no
evt_000548	gen3_current801	2	882044	May18 09:55	408	yes
evt_000549	gen3_current801	2	882044	May18 09:56	422	yes
evt_000552	gen2_legacy	2	882044	May18 04:25	294	no
evt_000553	gen3_current801	2	882044	May18 09:55	386	yes
evt_000554	gen2_legacy	2	882044	May18 04:23	157	no
evt_000557	gen2_legacy	2	882044	May18 04:23	145	no
evt_000558	gen3_current801	2	882044	May18 09:57	555	yes
evt_000560	gen3_current801	2	882044	May18 09:57	525	yes
evt_000561	gen2_legacy	2	882044	May18 04:24	200	no
evt_000562	gen3_current801	2	882044	May18 09:56	458	yes
evt_000564	gen3_current801	2	882044	May18 09:59	670	yes
evt_000565	gen2_legacy	2	882044	May18 04:25	292	no
evt_000566	gen2_legacy	2	882044	May18 04:23	121	no
evt_000567	gen3_current801	2	882044	May18 09:57	529	yes
evt_000568	gen2_legacy	2	882044	May18 04:25	277	no
evt_000569	gen3_current801	2	882044	May18 09:55	405	yes
evt_000570	gen3_current801	2	882044	May18 09:57	523	yes
evt_000571	gen3_current801	2	882044	May18 09:58	644	yes
evt_000572	gen2_legacy	2	882044	May18 04:23	107	no
evt_000573	gen3_current801	2	882044	May18 09:57	571	yes
evt_000576	gen2_legacy	2	882044	May18 04:24	189	no
evt_000577	gen3_current801	2	882044	May18 09:58	630	yes
evt_000578	gen2_legacy	2	882044	May18 04:23	133	no
evt_000580	gen2_legacy	2	882044	May18 04:25	328	no
evt_000582	gen2_legacy	2	882044	May18 04:26	341	no
evt_000583	gen3_current801	2	882044	May18 09:58	605	yes
evt_000584	gen2_legacy	2	882044	May18 04:24	245	no
evt_000585	gen3_current801	2	882044	May18 09:55	400	yes
evt_000587	gen3_current801	2	882044	May18 09:58	616	yes
evt_000589	gen3_current801	2	882044	May18 09:58	583	yes
evt_000591	gen2_legacy	2	882044	May18 04:25	262	no
evt_000592	gen2_legacy	2	882044	May18 04:23	167	no
evt_000593	gen3_current801	2	882044	May18 09:57	522	yes
evt_000595	gen2_legacy	2	882044	May18 04:24	246	no
evt_000596	gen2_legacy	2	882044	May18 04:24	248	no
evt_000597	gen3_current801	2	882044	May18 09:58	617	yes
evt_000598	gen3_current801	2	882044	May18 09:57	547	yes
evt_000599	gen3_current801	2	882044	May18 09:58	601	yes
evt_000600	gen2_legacy	2	882044	May18 04:24	203	no
evt_000602	gen3_current801	2	882044	May18 09:57	544	yes
evt_000604	gen2_legacy	2	882044	May18 04:26	339	no
evt_000605	gen3_current801	2	882044	May18 09:56	491	yes
evt_000606	gen3_current801	2	882044	May18 09:57	509	yes
evt_000607	gen3_current801	2	882044	May18 09:55	397	yes
evt_000609	gen3_current801	2	882044	May18 09:56	428	yes
evt_000611	gen3_current801	2	882044	May18 09:58	632	yes
evt_000613	gen3_current801	2	882044	May18 09:56	425	yes
evt_000614	gen3_current801	2	882044	May18 09:57	549	yes
evt_000616	gen3_current801	2	882044	May18 09:56	483	yes
evt_000617	gen2_legacy	2	882044	May18 04:25	286	no
evt_000618	gen3_current801	2	882044	May18 09:57	565	yes
evt_000620	gen3_current801	2	882044	May18 09:58	612	yes
evt_000621	gen3_current801	2	882044	May18 09:57	514	yes
evt_000623	gen3_current801	2	882044	May18 09:56	486	yes
evt_000624	gen3_current801	2	882044	May18 09:58	619	yes
evt_000626	gen2_legacy	2	882044	May18 04:24	183	no
evt_000627	gen3_current801	2	882044	May18 09:55	394	yes
evt_000628	gen2_legacy	2	882044	May18 04:25	315	no
evt_000629	gen2_legacy	2	882044	May18 04:24	216	no
evt_000630	gen3_current801	2	882044	May18 09:55	379	yes
evt_000631	gen2_legacy	2	882044	May18 04:24	230	no
evt_000633	gen3_current801	2	882044	May18 09:57	507	yes
evt_000634	gen2_legacy	2	882044	May18 04:23	151	no
evt_000635	gen3_current801	2	882044	May18 09:57	537	yes
evt_000636	gen3_current801	2	882044	May18 09:58	621	yes
evt_000639	gen2_legacy	2	882044	May18 04:26	344	no
evt_000644	gen2_legacy	2	882044	May18 04:23	166	no
evt_000645	gen3_current801	2	882044	May18 09:57	513	yes
evt_000646	gen3_current801	2	882044	May18 09:57	538	yes
evt_000647	gen3_current801	2	882044	May18 09:58	581	yes
evt_000648	gen3_current801	2	882044	May18 09:57	572	yes
evt_000650	gen2_legacy	2	882044	May18 04:25	299	no
evt_000651	gen2_legacy	2	882044	May18 04:24	253	no
evt_000652	gen3_current801	2	882044	May18 09:58	584	yes
evt_000653	gen2_legacy	2	882044	May18 04:26	364	no
evt_000658	gen3_current801	2	882044	May18 09:57	535	yes
evt_000659	gen3_current801	2	882044	May18 09:57	530	yes
evt_000662	gen3_current801	2	882044	May18 09:56	469	yes
evt_000663	gen2_legacy	2	882044	May18 04:25	281	no
evt_000664	gen2_legacy	2	882044	May18 04:23	154	no
evt_000666	gen3_current801	2	882044	May18 09:58	579	yes
evt_000667	gen2_legacy	2	882044	May18 04:24	236	no
evt_000668	gen3_current801	2	882044	May18 09:57	498	yes
evt_000670	gen3_current801	2	882044	May18 09:59	668	yes
evt_000671	gen3_current801	2	882044	May18 09:58	599	yes
evt_000672	gen2_legacy	2	882044	May18 04:24	211	no
evt_000673	gen3_current801	2	882044	May18 09:58	604	yes
evt_000674	gen3_current801	2	882044	May18 09:55	382	yes
evt_000675	gen3_current801	2	882044	May18 09:56	427	yes
evt_000677	gen2_legacy	2	882044	May18 04:25	338	no
evt_000678	gen3_current801	2	882044	May18 09:58	642	yes
evt_000679	gen3_current801	2	882044	May18 09:57	533	yes
evt_000680	gen3_current801	2	882044	May18 09:58	649	yes
evt_000682	gen3_current801	2	882044	May18 09:55	396	yes
evt_000683	gen3_current801	2	882044	May18 09:57	568	yes
evt_000684	gen2_legacy	2	882044	May18 04:24	201	no
evt_000685	gen2_legacy	2	882044	May18 04:24	239	no
evt_000686	gen3_current801	2	882044	May18 09:55	384	yes
evt_000687	gen3_current801	2	882044	May18 09:55	392	yes
evt_000688	gen3_current801	2	882044	May18 09:55	402	yes
evt_000690	gen3_current801	2	882044	May18 09:56	488	yes
evt_000691	gen3_current801	2	882044	May18 09:57	510	yes
evt_000692	gen3_current801	2	882044	May18 09:56	459	yes
evt_000693	gen3_current801	2	882044	May18 09:56	442	yes
evt_000694	gen3_current801	2	882044	May18 09:58	653	yes
evt_000695	gen2_legacy	2	882044	May18 04:26	362	no
evt_000697	gen2_legacy	2	882044	May18 04:23	169	no
evt_000699	gen3_current801	2	882044	May18 09:57	562	yes
evt_000700	gen3_current801	2	882044	May18 09:57	556	yes
evt_000702	gen2_legacy	2	882044	May18 04:24	198	no
evt_000703	gen2_legacy	2	882044	May18 04:23	118	no
evt_000704	gen2_legacy	2	882044	May18 04:23	141	no
evt_000705	gen3_current801	2	882044	May18 09:59	669	yes
evt_000706	gen3_current801	2	882044	May18 09:56	416	yes
evt_000708	gen3_current801	2	882044	May18 09:55	388	yes
evt_000709	gen3_current801	2	882044	May18 09:58	615	yes
evt_000711	gen3_current801	2	882044	May18 09:58	622	yes
evt_000713	gen3_current801	2	882044	May18 09:56	476	yes
evt_000714	gen2_legacy	2	882044	May18 04:23	163	no
evt_000715	gen2_legacy	2	882044	May18 04:26	356	no
evt_000717	gen3_current801	2	882044	May18 09:56	479	yes
evt_000718	gen3_current801	2	882044	May18 09:57	566	yes
evt_000719	gen3_current801	2	882044	May18 09:57	550	yes
evt_000720	gen3_current801	2	882044	May18 09:58	594	yes
evt_000721	gen3_current801	2	882044	May18 09:57	534	yes
evt_000722	gen3_current801	2	882044	May18 09:58	647	yes
evt_000723	gen2_legacy	2	882044	May18 04:24	193	no
evt_000724	gen3_current801	2	882044	May18 09:57	554	yes
evt_000725	gen3_current801	2	882044	May18 09:56	455	yes
evt_000726	gen3_current801	2	882044	May18 09:56	447	yes
evt_000727	gen3_current801	2	882044	May18 09:55	411	yes
evt_000728	gen2_legacy	2	882044	May18 04:25	290	no
evt_000729	gen3_current801	2	882044	May18 09:58	592	yes
evt_000731	gen3_current801	2	882044	May18 09:58	628	yes
evt_000735	gen2_legacy	2	882044	May18 04:26	345	no
evt_000738	gen3_current801	2	882044	May18 09:56	446	yes
evt_000741	gen3_current801	2	882044	May18 09:58	631	yes
evt_000744	gen2_legacy	2	882044	May18 04:23	131	no
evt_000746	gen3_current801	2	882044	May18 09:58	629	yes
evt_000747	gen2_legacy	2	882044	May18 04:23	142	no
evt_000750	gen2_legacy	2	882044	May18 04:26	340	no
evt_000751	gen2_legacy	2	882044	May18 04:24	205	no
evt_000753	gen3_current801	2	882044	May18 09:56	454	yes
evt_000754	gen3_current801	2	882044	May18 09:57	557	yes
evt_000757	gen3_current801	2	882044	May18 09:55	377	yes
evt_000760	gen3_current801	2	882044	May18 09:55	401	yes
evt_000761	gen2_legacy	2	882044	May18 04:24	184	no
evt_000762	gen3_current801	2	882044	May18 09:56	426	yes
evt_000763	gen3_current801	2	882044	May18 09:56	450	yes
evt_000764	gen2_legacy	2	882044	May18 04:23	140	no
evt_000766	gen3_current801	2	882044	May18 09:56	441	yes
evt_000768	gen3_current801	2	882044	May18 09:55	374	yes
evt_000770	gen3_current801	2	882044	May18 09:58	634	yes
evt_000774	gen3_current801	2	882044	May18 09:58	633	yes
evt_000775	gen3_current801	2	882044	May18 09:57	508	yes
evt_000776	gen2_legacy	2	882044	May18 04:24	234	no
evt_000777	gen3_current801	2	882044	May18 09:58	618	yes
evt_000778	gen3_current801	2	882044	May18 09:55	378	yes
evt_000779	gen3_current801	2	882044	May18 09:55	412	yes
evt_000782	gen3_current801	2	882044	May18 09:55	404	yes
evt_000783	gen3_current801	2	882044	May18 09:56	415	yes
evt_000785	gen3_current801	2	882044	May18 09:56	437	yes
evt_000786	gen3_current801	2	882044	May18 09:55	406	yes
evt_000787	gen3_current801	2	882044	May18 09:58	587	yes
evt_000790	gen3_current801	2	882044	May18 09:57	512	yes
evt_000791	gen2_legacy	2	882044	May18 04:25	280	no
evt_000792	gen2_legacy	2	882044	May18 04:26	358	no
evt_000797	gen3_current801	2	882044	May18 09:57	559	yes
evt_000798	gen3_current801	2	882044	May18 09:58	640	yes
evt_000807	gen2_legacy	2	882044	May18 04:25	305	no
evt_000809	gen2_legacy	2	882044	May18 04:26	367	no
evt_000826	gen2_legacy	2	882044	May18 04:23	136	no
evt_000852	gen2_legacy	2	882044	May18 04:24	214	no
evt_000859	gen2_legacy	2	882044	May18 04:26	361	no
evt_000880	gen2_legacy	2	882044	May18 04:24	212	no
evt_000884	gen2_legacy	2	882044	May18 04:26	357	no
evt_000902	gen2_legacy	2	882044	May18 04:23	144	no
evt_000907	gen2_legacy	2	882044	May18 04:24	251	no
evt_000920	gen2_legacy	1	441044	May18 04:25	261	no
evt_000921	gen2_legacy	1	441044	May18 04:23	117	no
evt_000923	gen2_legacy	1	441044	May18 04:22	91	no
evt_000925	gen2_legacy	1	441044	May18 04:22	89	no
evt_000926	gen2_legacy	1	441044	May18 04:22	87	no
evt_000929	gen2_legacy	1	441044	May18 04:25	269	no
evt_000933	gen2_legacy	1	441044	May18 04:24	226	no
evt_000937	gen2_legacy	1	441044	May18 04:24	197	no
evt_000938	gen2_legacy	1	441044	May18 04:24	224	no
evt_000939	gen2_legacy	1	441044	May18 04:22	74	no
evt_000940	gen2_legacy	1	441044	May18 04:22	72	no
evt_000941	gen2_legacy	1	441044	May18 04:25	289	no
evt_000945	gen2_legacy	1	441044	May18 04:24	249	no
evt_000946	gen2_legacy	1	441044	May18 04:23	123	no
evt_000947	gen2_legacy	1	441044	May18 04:22	80	no
evt_000948	gen2_legacy	1	441044	May18 04:22	79	no
evt_000951	gen2_legacy	1	441044	May18 04:25	271	no
evt_000957	gen2_legacy	1	441044	May18 04:24	180	no
evt_000959	gen2_legacy	1	441044	May18 04:23	96	no
evt_000960	gen2_legacy	1	441044	May18 04:24	231	no
evt_000964	gen2_legacy	1	441044	May18 04:23	128	no
evt_000967	gen2_legacy	1	441044	May18 04:23	164	no
evt_000968	gen2_legacy	1	441044	May18 04:23	113	no
evt_000973	gen2_legacy	1	441044	May18 04:23	100	no
evt_000974	gen2_legacy	1	441044	May18 04:24	210	no
evt_000979	gen2_legacy	1	441044	May18 04:23	110	no
evt_000981	gen2_legacy	1	441044	May18 04:23	98	no
evt_000982	gen2_legacy	1	441044	May18 04:26	348	no
evt_000983	gen2_legacy	1	441044	May18 04:26	354	no
evt_000993	gen2_legacy	1	441044	May18 04:25	298	no
evt_000994	gen2_legacy	1	441044	May18 04:25	314	no
evt_000995	gen2_legacy	1	441044	May18 04:23	120	no
evt_000997	gen2_legacy	1	441044	May18 04:24	202	no
evt_000999	gen2_legacy	1	441044	May18 04:22	85	no
evt_001000	gen2_legacy	1	441044	May18 04:22	82	no
evt_001001	gen2_legacy	1	441044	May18 04:22	81	no
evt_001002	gen2_legacy	1	441044	May18 04:23	150	no
evt_001003	gen2_legacy	1	441044	May18 04:23	138	no
evt_001004	gen2_legacy	1	441044	May18 04:22	88	no
evt_001005	gen2_legacy	1	441044	May18 04:22	83	no
evt_001007	gen2_legacy	1	441044	May18 04:23	119	no
evt_001009	gen2_legacy	1	441044	May18 04:23	124	no
evt_001010	gen2_legacy	1	441044	May18 04:23	106	no
evt_001011	gen2_legacy	1	441044	May18 04:24	196	no
evt_001013	gen2_legacy	1	441044	May18 04:24	219	no
evt_001014	gen2_legacy	1	441044	May18 04:23	116	no
evt_001015	gen2_legacy	1	441044	May18 04:22	78	no
evt_001018	gen2_legacy	1	441044	May18 04:23	97	no
evt_001021	gen2_legacy	1	441044	May18 04:23	108	no
evt_001026	gen2_legacy	1	441044	May18 04:24	218	no
evt_001028	gen2_legacy	1	441044	May18 04:22	73	no
evt_001029	gen2_legacy	1	441044	May18 04:23	122	no
evt_001034	gen2_legacy	1	441044	May18 04:22	76	no
evt_001036	gen2_legacy	1	441044	May18 04:23	115	no
evt_001039	gen2_legacy	1	441044	May18 04:22	90	no
evt_001040	gen2_legacy	1	441044	May18 04:22	75	no
evt_001041	gen2_legacy	1	441044	May18 04:23	99	no
evt_001042	gen2_legacy	1	441044	May18 04:22	92	no
evt_001044	gen2_legacy	1	441044	May18 04:22	86	no
evt_001045	gen2_legacy	1	441044	May18 04:24	250	no
evt_001047	gen2_legacy	1	441044	May18 04:23	143	no
evt_001048	gen2_legacy	1	441044	May18 04:23	103	no
evt_001052	gen2_legacy	1	441044	May18 04:25	307	no
evt_001054	gen2_legacy	1	441044	May18 04:23	109	no
evt_001055	gen2_legacy	1	441044	May18 04:22	77	no
evt_001057	gen2_legacy	1	441044	May18 04:23	111	no
evt_001061	gen2_legacy	1	441044	May18 04:25	326	no
evt_001071	gen2_legacy	1	441044	May18 04:26	349	no
evt_001072	gen2_legacy	1	441044	May18 04:25	317	no
evt_001075	gen2_legacy	1	441044	May18 04:25	303	no
evt_001078	gen2_legacy	1	441044	May18 04:26	368	no
evt_001080	gen2_legacy	1	441044	May18 04:25	300	no
evt_001082	gen2_legacy	1	441044	May18 04:25	312	no
evt_001083	gen2_legacy	1	441044	May18 04:22	93	no
evt_001089	gen2_legacy	1	441044	May18 04:23	95	no
evt_001091	gen2_legacy	1	441044	May18 04:26	352	no
evt_001100	gen2_legacy	1	441044	May18 04:26	363	no
evt_001103	gen2_legacy	1	441044	May18 04:22	84	no
evt_001108	gen2_legacy	1	441044	May18 04:23	94	no
evt_001111	gen2_legacy	1	441044	May18 04:25	297	no
evt_001113	gen2_legacy	1	441044	May18 04:25	306	no
evt_001120	gen2_legacy	1	441044	May18 04:24	186	no
evt_001121	gen2_legacy	1	441044	May18 04:23	135	no
evt_001122	gen2_legacy	1	441044	May18 04:23	171	no
evt_001128	gen2_legacy	1	441044	May18 04:24	247	no
evt_001131	gen2_legacy	1	441044	May18 04:24	190	no
evt_001132	gen2_legacy	1	441044	May18 04:23	130	no
evt_001133	gen2_legacy	1	441044	May18 04:25	330	no
evt_001140	gen2_legacy	1	441044	May18 04:24	187	no
