ordinal,candidate_id,source_x_m,source_y_m,direction,sample_step_ms,duration_ms,assigned_node
1,F11-4.5-4.25-RTL,4.5,4.25,RTL,20,4360,NODE-B
2,F11-4.5-4.25-LTR,4.5,4.25,LTR,20,4360,NODE-C
3,F11-4.75-4.25-RTL,4.75,4.25,RTL,20,4360,NODE-D
4,F11-4.75-4.25-LTR,4.75,4.25,LTR,20,4360,NODE-B
5,F11-5-4.25-RTL,5.0,4.25,RTL,20,4360,NODE-C
6,F11-5-4.25-LTR,5.0,4.25,LTR,20,4360,NODE-D
7,F11-5.25-4.25-RTL,5.25,4.25,RTL,20,4360,NODE-B
8,F11-5.25-4.25-LTR,5.25,4.25,LTR,20,4360,NODE-C
9,F11-5.5-4.25-RTL,5.5,4.25,RTL,20,4360,NODE-D
10,F11-5.5-4.25-LTR,5.5,4.25,LTR,20,4360,NODE-B
11,F11-5.75-4.25-RTL,5.75,4.25,RTL,20,4360,NODE-C
12,F11-5.75-4.25-LTR,5.75,4.25,LTR,20,4360,NODE-D
13,F11-6-4.25-RTL,6.0,4.25,RTL,20,4360,NODE-B
14,F11-6-4.25-LTR,6.0,4.25,LTR,20,4360,NODE-C
15,F11-4.5-4.5-RTL,4.5,4.5,RTL,20,4360,NODE-D
16,F11-4.5-4.5-LTR,4.5,4.5,LTR,20,4360,NODE-B
17,F11-4.75-4.5-RTL,4.75,4.5,RTL,20,4360,NODE-C
18,F11-4.75-4.5-LTR,4.75,4.5,LTR,20,4360,NODE-D
19,F11-5-4.5-RTL,5.0,4.5,RTL,20,4360,NODE-B
20,F11-5-4.5-LTR,5.0,4.5,LTR,20,4360,NODE-C
21,F11-5.25-4.5-RTL,5.25,4.5,RTL,20,4360,NODE-D
22,F11-5.25-4.5-LTR,5.25,4.5,LTR,20,4360,NODE-B
23,F11-5.5-4.5-RTL,5.5,4.5,RTL,20,4360,NODE-C
24,F11-5.5-4.5-LTR,5.5,4.5,LTR,20,4360,NODE-D
25,F11-5.75-4.5-RTL,5.75,4.5,RTL,20,4360,NODE-B
26,F11-5.75-4.5-LTR,5.75,4.5,LTR,20,4360,NODE-C
27,F11-6-4.5-RTL,6.0,4.5,RTL,20,4360,NODE-D
28,F11-6-4.5-LTR,6.0,4.5,LTR,20,4360,NODE-B
29,F11-4.5-4.75-RTL,4.5,4.75,RTL,20,4360,NODE-C
30,F11-4.5-4.75-LTR,4.5,4.75,LTR,20,4360,NODE-D
31,F11-4.75-4.75-RTL,4.75,4.75,RTL,20,4360,NODE-B
32,F11-4.75-4.75-LTR,4.75,4.75,LTR,20,4360,NODE-C
33,F11-5-4.75-RTL,5.0,4.75,RTL,20,4360,NODE-D
34,F11-5-4.75-LTR,5.0,4.75,LTR,20,4360,NODE-B
35,F11-5.25-4.75-RTL,5.25,4.75,RTL,20,4360,NODE-C
36,F11-5.25-4.75-LTR,5.25,4.75,LTR,20,4360,NODE-D
37,F11-5.5-4.75-RTL,5.5,4.75,RTL,20,4360,NODE-B
38,F11-5.5-4.75-LTR,5.5,4.75,LTR,20,4360,NODE-C
39,F11-5.75-4.75-RTL,5.75,4.75,RTL,20,4360,NODE-D
40,F11-5.75-4.75-LTR,5.75,4.75,LTR,20,4360,NODE-B
41,F11-6-4.75-RTL,6.0,4.75,RTL,20,4360,NODE-C
42,F11-6-4.75-LTR,6.0,4.75,LTR,20,4360,NODE-D
